[
    {
        "name": "哲理诗",
        "value": 6
    },
    {
        "name": "描写月亮",
        "value": 10
    },
    {
        "name": "思乡诗",
        "value": 11
    },
    {
        "name": "山水诗",
        "value": 18
    },
    {
        "name": "送别诗",
        "value": 7
    },
    {
        "name": "友情诗",
        "value": 26
    },
    {
        "name": "人生",
        "value": 5
    },
    {
        "name": "孤独",
        "value": 5
    },
    {
        "name": "思念诗",
        "value": 11
    },
    {
        "name": "描写秋天",
        "value": 10
    },
    {
        "name": "豪放诗",
        "value": 3
    },
    {
        "name": "励志诗",
        "value": 5
    },
    {
        "name": "怀才不遇",
        "value": 8
    },
    {
        "name": "怀古诗",
        "value": 10
    },
    {
        "name": "咏史诗",
        "value": 3
    },
    {
        "name": "惜时",
        "value": 1
    },
    {
        "name": "描写春天",
        "value": 7
    },
    {
        "name": "战争诗",
        "value": 9
    },
    {
        "name": "边塞诗",
        "value": 1
    },
    {
        "name": "田园诗",
        "value": 1
    },
    {
        "name": "赞美诗",
        "value": 12
    },
    {
        "name": "忧国忧民",
        "value": 5
    },
    {
        "name": "讽刺诗",
        "value": 5
    },
    {
        "name": "闺怨诗",
        "value": 3
    },
    {
        "name": "描写荷花",
        "value": 3
    },
    {
        "name": "描写马",
        "value": 3
    },
    {
        "name": "描写花",
        "value": 2
    },
    {
        "name": "劳动",
        "value": 2
    },
    {
        "name": "重阳节",
        "value": 5
    },
    {
        "name": "描写雪",
        "value": 2
    },
    {
        "name": "描写冬天",
        "value": 2
    },
    {
        "name": "描写风",
        "value": 2
    },
    {
        "name": "爱情诗",
        "value": 3
    },
    {
        "name": "描写雨",
        "value": 2
    },
    {
        "name": "老师",
        "value": 1
    },
    {
        "name": "描写菊花",
        "value": 1
    },
    {
        "name": "描写夏天",
        "value": 1
    },
    {
        "name": "壮志难酬",
        "value": 1
    }
]