[
    {
        "name": "孟浩然",
        "value": 2
    },
    {
        "name": "刘十六",
        "value": 1
    },
    {
        "name": "杜甫",
        "value": 3
    },
    {
        "name": "杨山人",
        "value": 2
    },
    {
        "name": "韦八",
        "value": 1
    },
    {
        "name": "刘副使",
        "value": 1
    },
    {
        "name": "李錞",
        "value": 1
    },
    {
        "name": "贺知章",
        "value": 2
    },
    {
        "name": "温处士",
        "value": 1
    },
    {
        "name": "储邕",
        "value": 1
    },
    {
        "name": "元丹丘",
        "value": 2
    },
    {
        "name": "李昌峒",
        "value": 1
    },
    {
        "name": "赵国珍",
        "value": 1
    },
    {
        "name": "殷淑",
        "value": 2
    },
    {
        "name": "岑勋",
        "value": 2
    },
    {
        "name": "李凝",
        "value": 3
    },
    {
        "name": "赵炎",
        "value": 1
    },
    {
        "name": "魏万",
        "value": 1
    },
    {
        "name": "李腾空",
        "value": 1
    },
    {
        "name": "张十一",
        "value": 1
    },
    {
        "name": "张遥",
        "value": 1
    },
    {
        "name": "白利",
        "value": 1
    },
    {
        "name": "崔十二",
        "value": 1
    },
    {
        "name": "薛九",
        "value": 1
    },
    {
        "name": "李沈",
        "value": 1
    },
    {
        "name": "于十八",
        "value": 1
    },
    {
        "name": "张十四",
        "value": 1
    },
    {
        "name": "张镐",
        "value": 3
    },
    {
        "name": "杜秀芝",
        "value": 1
    },
    {
        "name": "崔侍御",
        "value": 1
    },
    {
        "name": "李绾",
        "value": 1
    },
    {
        "name": "赵云卿",
        "value": 1
    },
    {
        "name": "赵叟",
        "value": 1
    },
    {
        "name": "王孝廉",
        "value": 1
    },
    {
        "name": "杨燕",
        "value": 1
    },
    {
        "name": "李襄",
        "value": 1
    },
    {
        "name": "侯十一",
        "value": 1
    },
    {
        "name": "韩歆",
        "value": 1
    },
    {
        "name": "郗昂",
        "value": 1
    },
    {
        "name": "裴图南",
        "value": 1
    },
    {
        "name": "褚三清",
        "value": 1
    },
    {
        "name": "郑灌",
        "value": 1
    },
    {
        "name": "李青",
        "value": 1
    },
    {
        "name": "梁四",
        "value": 1
    },
    {
        "name": "袁明",
        "value": 1
    },
    {
        "name": "裴十八",
        "value": 1
    },
    {
        "name": "韩准",
        "value": 1
    },
    {
        "name": "裴政",
        "value": 2
    },
    {
        "name": "孔巢",
        "value": 1
    },
    {
        "name": "汪伦",
        "value": 1
    },
    {
        "name": "韦冰",
        "value": 1
    },
    {
        "name": "崔成甫",
        "value": 1
    },
    {
        "name": "赵悦",
        "value": 1
    },
    {
        "name": "杜秀才",
        "value": 1
    },
    {
        "name": "高五",
        "value": 1
    },
    {
        "name": "李聿",
        "value": 1
    },
    {
        "name": "李冽",
        "value": 1
    },
    {
        "name": "常赞",
        "value": 1
    },
    {
        "name": "张叔明",
        "value": 1
    },
    {
        "name": "高镇",
        "value": 1
    },
    {
        "name": "李皓",
        "value": 1
    },
    {
        "name": "武谔",
        "value": 1
    },
    {
        "name": "参寥子",
        "value": 1
    },
    {
        "name": "王历阳",
        "value": 2
    },
    {
        "name": "仲浚公",
        "value": 1
    },
    {
        "name": "张垍",
        "value": 1
    },
    {
        "name": "韦黄",
        "value": 1
    },
    {
        "name": "朝美",
        "value": 1
    },
    {
        "name": "闾丘",
        "value": 1
    },
    {
        "name": "崔太守",
        "value": 1
    },
    {
        "name": "薛涛",
        "value": 1
    },
    {
        "name": "殷明佐",
        "value": 1
    },
    {
        "name": "元林宗",
        "value": 1
    },
    {
        "name": "妻子杨氏",
        "value": 1
    },
    {
        "name": "范金卿",
        "value": 1
    },
    {
        "name": "崔秋浦",
        "value": 3
    },
    {
        "name": "南陵常",
        "value": 1
    },
    {
        "name": "徐安宜",
        "value": 1
    },
    {
        "name": "崔咨议",
        "value": 1
    },
    {
        "name": "刘桢",
        "value": 1
    },
    {
        "name": "郭季鹰",
        "value": 1
    },
    {
        "name": "王忠臣",
        "value": 1
    },
    {
        "name": "卢象",
        "value": 1
    },
    {
        "name": "钱少阳",
        "value": 1
    },
    {
        "name": "徵君鸿",
        "value": 1
    },
    {
        "name": "韦仲堪",
        "value": 1
    },
    {
        "name": "崔司户",
        "value": 1
    },
    {
        "name": "贾至",
        "value": 1
    },
    {
        "name": "柳圆",
        "value": 1
    },
    {
        "name": "郑溧阳",
        "value": 1
    }
]