{
  "705": {
    "place": [
      "江油"
    ],
    "point": [
      [
        104.750687,
        31.78241
      ]
    ]
  },
  "706": {
    "place": [
      "江油"
    ],
    "point": [
      [
        104.750687,
        31.78241
      ]
    ]
  },
  "707": {
    "place": [
      "江油"
    ],
    "point": [
      [
        104.750687,
        31.78241
      ]
    ]
  },
  "708": {
    "place": [
      "江油"
    ],
    "point": [
      [
        104.750687,
        31.78241
      ]
    ]
  },
  "709": {
    "place": [
      "江油"
    ],
    "point": [
      [
        104.750687,
        31.78241
      ]
    ]
  },
  "710": {
    "place": [
      "江油"
    ],
    "point": [
      [
        104.750687,
        31.78241
      ]
    ]
  },
  "711": {
    "place": [
      "江油"
    ],
    "point": [
      [
        104.750687,
        31.78241
      ]
    ]
  },
  "712": {
    "place": [
      "江油"
    ],
    "point": [
      [
        104.750687,
        31.78241
      ]
    ]
  },
  "713": {
    "place": [
      "江油"
    ],
    "point": [
      [
        104.750687,
        31.78241
      ]
    ]
  },
  "714": {
    "place": [
      "江油"
    ],
    "point": [
      [
        104.750687,
        31.78241
      ]
    ]
  },
  "715": {
    "place": [
      "江油"
    ],
    "point": [
      [
        104.750687,
        31.78241
      ]
    ]
  },
  "716": {
    "place": [
      "江油"
    ],
    "point": [
      [
        104.750687,
        31.78241
      ]
    ]
  },
  "717": {
    "place": [
      "江油"
    ],
    "point": [
      [
        104.750687,
        31.78241
      ]
    ]
  },
  "718": {
    "place": [
      "江油",
      "平武",
      "剑阁",
      "三台"
    ],
    "point": [
      [
        104.750687,
        31.78241
      ],
      [
        104.535426,
        32.415414
      ],
      [
        105.52985,
        32.292746
      ],
      [
        105.106092,
        31.100349
      ]
    ]
  },
  "719": {
    "place": [
      "江油"
    ],
    "point": [
      [
        104.750687,
        31.78241
      ]
    ]
  },
  "720": {
    "place": [
      "成都",
      "峨眉山",
      "重庆",
      "江油"
    ],
    "point": [
      [
        104.071756,
        30.663527
      ],
      [
        103.356445,
        29.574062
      ],
      [
        106.552113,
        29.567237
      ],
      [
        104.750687,
        31.78241
      ]
    ]
  },
  "721": {
    "place": [
      "江油"
    ],
    "point": [
      [
        104.750687,
        31.78241
      ]
    ]
  },
  "722": {
    "place": [
      "江油"
    ],
    "point": [
      [
        104.750687,
        31.78241
      ]
    ]
  },
  "723": {
    "place": [
      "江油"
    ],
    "point": [
      [
        104.750687,
        31.78241
      ]
    ]
  },
  "724": {
    "place": [
      "江油",
      "成都",
      "峨眉山",
      "犍为",
      "重庆"
    ],
    "point": [
      [
        104.750687,
        31.78241
      ],
      [
        104.071756,
        30.663527
      ],
      [
        103.356445,
        29.574062
      ],
      [
        106.552113,
        29.567237
      ],
      [
        106.552113,
        29.567237
      ]
    ]
  },
  "725": {
    "place": [
      "巫山",
      "宜昌",
      "江陵",
      "岳阳",
      "当涂",
      "南京"
    ],
    "point": [
      [
        109.893594,
        31.085715
      ],
      [
        111.289677,
        30.700675
      ],
      [
        112.422251,
        30.045792
      ],
      [
        113.127439,
        29.360407
      ],
      [
        118.504607,
        31.578864
      ],
      [
        118.799547,
        32.061959
      ]
    ]
  },
  "726": {
    "place": [
      "南京",
      "扬州",
      "嵊州",
      "扬州",
      "淮阳",
      "临汝"
    ],
    "point": [
      [
        118.799547,
        32.061959
      ],
      [
        119.419998,
        32.399457
      ],
      [
        120.831685,
        29.567579
      ],
      [
        119.419998,
        32.399457
      ],
      [
        114.882235,
        33.74239
      ],
      [
        112.631211,
        34.26972
      ]
    ]
  },
  "727": {
    "place": [
      "襄阳",
      "安陆"
    ],
    "point": [
      [
        112.118759,
        32.013082
      ],
      [
        113.693857,
        31.259685
      ]
    ]
  },
  "728": {
    "place": [
      "武汉"
    ],
    "point": [
      [
        114.296638,
        30.597721
      ]
    ]
  },
  "729": {
    "place": [
      "安陆",
      "应城",
      "安陆"
    ],
    "point": [
      [
        113.693857,
        31.259685
      ],
      [
        113.575542,
        30.937694
      ],
      [
        113.693857,
        31.259685
      ]
    ]
  },
  "730": {
    "place": [
      "南阳",
      "西安",
      "武功",
      "岐山",
      "彬县",
      "黄陵"
    ],
    "point": [
      [
        112.533929,
        32.996319
      ],
      [
        108.94474,
        34.344169
      ],
      [
        108.206549,
        34.264945
      ],
      [
        107.617099,
        34.28267
      ],
      [
        108.085203,
        35.050845
      ],
      [
        109.271329,
        35.584372
      ]
    ]
  },
  "731": {
    "place": [
      "西安",
      "华县",
      "商丘",
      "荥阳",
      "登封",
      "洛阳"
    ],
    "point": [
      [
        108.94474,
        34.344169
      ],
      [
        109.774452,
        34.518017
      ],
      [
        115.661874,
        34.419964
      ],
      [
        113.391721,
        34.792625
      ],
      [
        113.055845,
        34.453744
      ],
      [
        112.458274,
        34.623551
      ]
    ]
  },
  "732": {
    "place": [
      "洛阳",
      "南阳",
      "安陆",
      "随州"
    ],
    "point": [
      [
        112.458274,
        34.623551
      ],
      [
        112.533929,
        32.996319
      ],
      [
        113.693857,
        31.259685
      ],
      [
        113.381974,
        31.697253
      ]
    ]
  },
  "733": {
    "place": [
      "安陆"
    ],
    "point": [
      [
        113.693857,
        31.259685
      ]
    ]
  },
  "737": {
    "place": [
      "安陆"
    ],
    "point": [
      [
        113.693857,
        31.259685
      ]
    ]
  },
  "739": {
    "place": [
      "安陆",
      "武汉",
      "宝应",
      "扬州",
      "溧阳",
      "苏州",
      "杭州",
      "当涂",
      "江陵"
    ],
    "point": [
      [
        113.693857,
        31.259685
      ],
      [
        114.296638,
        30.597721
      ],
      [
        119.359228,
        33.248413
      ],
      [
        119.419998,
        32.399457
      ],
      [
        119.489778,
        31.422349
      ],
      [
        120.588388,
        31.303318
      ],
      [
        120.204012,
        30.25982
      ],
      [
        118.504607,
        31.578864
      ],
      [
        112.422251,
        30.045792
      ]
    ]
  },
  "734": {
    "place": [
      "襄阳",
      "武汉"
    ],
    "point": [
      [
        112.118759,
        32.013082
      ],
      [
        114.296638,
        30.597721
      ]
    ]
  },
  "736": {
    "place": [
      "襄阳",
      "太原",
      "登封",
      "洛阳",
      "襄阳"
    ],
    "point": [
      [
        112.118759,
        32.013082
      ],
      [
        112.554671,
        37.875851
      ],
      [
        113.055845,
        34.453744
      ],
      [
        112.458274,
        34.623551
      ],
      [
        112.118759,
        32.013082
      ]
    ]
  },
  "735": {
    "place": [
      "太原"
    ],
    "point": [
      [
        112.554671,
        37.875851
      ]
    ]
  },
  "738": {
    "place": [
      "襄阳",
      "南阳",
      "登封",
      "淮阳",
      "邳州",
      "淮安"
    ],
    "point": [
      [
        112.118759,
        32.013082
      ],
      [
        112.533929,
        32.996319
      ],
      [
        113.055845,
        34.453744
      ],
      [
        114.882235,
        33.74239
      ],
      [
        118.013952,
        34.343931
      ],
      [
        119.018034,
        33.617017
      ]
    ]
  },
  "740": {
    "place": [
      "定陶",
      "济宁"
    ],
    "point": [
      [
        115.575412,
        35.077038
      ],
      [
        116.590739,
        35.421353
      ]
    ]
  },
  "741": {
    "place": [
      "单县",
      "兖州",
      "叶县"
    ],
    "point": [
      [
        116.108709,
        34.786793
      ],
      [
        116.787244,
        35.559597
      ],
      [
        113.363011,
        33.63177
      ]
    ]
  },
  "742": {
    "place": [
      "泰安",
      "曲阜",
      "西安"
    ],
    "point": [
      [
        117.095067,
        36.201547
      ],
      [
        116.988815,
        35.590427
      ],
      [
        108.94474,
        34.344169
      ]
    ]
  },
  "743": {
    "place": [
      "西安"
    ],
    "point": [
      [
        108.94474,
        34.344169
      ]
    ]
  },
  "744": {
    "place": [
      "西安",
      "商州",
      "杞县",
      "聊城",
      "吴桥",
      "深州",
      "济南",
      "济宁",
      "兖州"
    ],
    "point": [
      [
        108.94474,
        34.344169
      ],
      [
        109.924477,
        33.878687
      ],
      [
        114.786717,
        34.554143
      ],
      [
        115.992738,
        36.462991
      ],
      [
        116.397388,
        37.635052
      ],
      [
        115.565216,
        38.007623
      ],
      [
        117.121225,
        36.663271
      ],
      [
        116.590739,
        35.421353
      ],
      [
        116.787244,
        35.559597
      ]
    ]
  },
  "745": {
    "place": [
      "曲阜",
      "济南",
      "兖州"
    ],
    "point": [
      [
        116.988815,
        35.590427
      ],
      [
        117.121225,
        36.663271
      ],
      [
        116.787244,
        35.559597
      ]
    ]
  },
  "746": {
    "place": [
      "单县",
      "兖州",
      "商丘",
      "扬州"
    ],
    "point": [
      [
        116.108709,
        34.786793
      ],
      [
        116.787244,
        35.559597
      ],
      [
        115.661874,
        34.419964
      ],
      [
        119.419998,
        32.399457
      ]
    ]
  },
  "747": {
    "place": [
      "扬州",
      "镇江",
      "南京",
      "无锡",
      "苏州",
      "湖州",
      "绍兴",
      "天台"
    ],
    "point": [
      [
        119.419998,
        32.399457
      ],
      [
        119.428765,
        32.196428
      ],
      [
        118.799547,
        32.061959
      ],
      [
        120.318007,
        31.499549
      ],
      [
        120.588388,
        31.303318
      ],
      [
        120.092793,
        30.896733
      ],
      [
        120.584902,
        30.037121
      ],
      [
        121.013556,
        29.151281
      ]
    ]
  },
  "748": {
    "place": [
      "南京",
      "扬州",
      "庐江"
    ],
    "point": [
      [
        118.799547,
        32.061959
      ],
      [
        119.419998,
        32.399457
      ],
      [
        117.294149,
        31.262068
      ]
    ]
  },
  "749": {
    "place": [
      "南京"
    ],
    "point": [
      [
        118.799547,
        32.061959
      ]
    ]
  },
  "750": {
    "place": [
      "南京",
      "当涂",
      "九江",
      "毫州"
    ],
    "point": [
      [
        118.799547,
        32.061959
      ],
      [
        118.504607,
        31.578864
      ],
      [
        116.005233,
        29.712093
      ],
      [
        115.784466,
        33.850882
      ]
    ]
  },
  "751": {
    "place": [
      "济宁",
      "叶县",
      "开封",
      "滑县",
      "安阳",
      "广平",
      "邯郸"
    ],
    "point": [
      [
        116.590739,
        35.421353
      ],
      [
        113.363011,
        33.63177
      ],
      [
        114.311146,
        34.802648
      ],
      [
        114.51463,
        35.569536
      ],
      [
        114.395479,
        36.105707
      ],
      [
        114.957863,
        36.487692
      ],
      [
        114.495612,
        36.593024
      ]
    ]
  },
  "752": {
    "place": [
      "永年",
      "大兴"
    ],
    "point": [
      [
        114.5489,
        36.746412
      ],
      [
        114.540658,
        36.355936
      ]
    ]
  },
  "753": {
    "place": [
      "魏县",
      "汾阳",
      "西安",
      "洛阳",
      "定陶",
      "和县",
      "宣城"
    ],
    "point": [
      [
        114.945448,
        36.364528
      ],
      [
        111.791147,
        37.273358
      ],
      [
        108.94474,
        34.344169
      ],
      [
        112.458274,
        34.623551
      ],
      [
        115.575412,
        35.077038
      ],
      [
        118.359512,
        31.749472
      ],
      [
        118.760938,
        30.945858
      ]
    ]
  },
  "754": {
    "place": [
      "南京",
      "溧阳",
      "南京",
      "扬州",
      "南京",
      "扬州",
      "宣城",
      "当涂",
      "池州"
    ],
    "point": [
      [
        118.799547,
        32.061959
      ],
      [
        119.489778,
        31.422349
      ],
      [
        118.799547,
        32.061959
      ],
      [
        119.419998,
        32.399457
      ],
      [
        118.799547,
        32.061959
      ],
      [
        119.419998,
        32.399457
      ],
      [
        118.760938,
        30.945858
      ],
      [
        118.504607,
        31.578864
      ],
      [
        117.4944,
        30.672624
      ]
    ]
  },
  "755": {
    "place": [
      "青阳",
      "泾县",
      "当涂",
      "南陵",
      "池州",
      "宣城",
      "扬州",
      "南京"
    ],
    "point": [
      [
        117.852284,
        30.645385
      ],
      [
        118.425286,
        30.693928
      ],
      [
        118.504607,
        31.578864
      ],
      [
        118.336965,
        30.921003
      ],
      [
        117.4944,
        30.672624
      ],
      [
        118.760938,
        30.945858
      ],
      [
        119.419998,
        32.399457
      ],
      [
        118.799547,
        32.061959
      ]
    ]
  },
  "756": {
    "place": [
      "商丘",
      "当涂",
      "宣城",
      "溧阳",
      "杭州",
      "南京",
      "九江"
    ],
    "point": [
      [
        115.661874,
        34.419964
      ],
      [
        118.504607,
        31.578864
      ],
      [
        118.760938,
        30.945858
      ],
      [
        119.489778,
        31.422349
      ],
      [
        120.204012,
        30.25982
      ],
      [
        118.799547,
        32.061959
      ],
      [
        116.005233,
        29.712093
      ]
    ]
  },
  "757": {
    "place": [
      "丹阳",
      "九江",
      "武汉",
      "潜山",
      "太湖",
      "宿松",
      "九江"
    ],
    "point": [
      [
        119.678045,
        32.022043
      ],
      [
        116.005233,
        29.712093
      ],
      [
        114.296638,
        30.597721
      ],
      [
        116.587891,
        30.636746
      ],
      [
        120.230319,
        31.543575
      ],
      [
        116.12963,
        30.167282
      ],
      [
        116.005233,
        29.712093
      ]
    ]
  },
  "758": {
    "place": [
      "黄石",
      "武汉",
      "岳阳",
      "江陵",
      "宜昌"
    ],
    "point": [
      [
        114.993787,
        30.163001
      ],
      [
        114.296638,
        30.597721
      ],
      [
        113.127439,
        29.360407
      ],
      [
        112.422251,
        30.045792
      ],
      [
        111.289677,
        30.700675
      ]
    ]
  },
  "759": {
    "place": [
      "宜昌",
      "巫山",
      "奉节",
      "武汉",
      "临湘",
      "岳阳",
      "永州"
    ],
    "point": [
      [
        111.289677,
        30.700675
      ],
      [
        109.893594,
        31.085715
      ],
      [
        109.588907,
        31.047128
      ],
      [
        114.296638,
        30.597721
      ],
      [
        113.456737,
        29.482053
      ],
      [
        113.127439,
        29.360407
      ],
      [
        111.618304,
        26.425605
      ]
    ]
  },
  "760": {
    "place": [
      "岳阳",
      "武汉",
      "南昌"
    ],
    "point": [
      [
        113.127439,
        29.360407
      ],
      [
        114.296638,
        30.597721
      ],
      [
        115.858261,
        28.687681
      ]
    ]
  },
  "761": {
    "place": [
      "九江",
      "怀远",
      "南京",
      "宜兴",
      "宣城",
      "泾县",
      "当涂",
      "和县"
    ],
    "point": [
      [
        116.005233,
        29.712093
      ],
      [
        117.211573,
        32.976813
      ],
      [
        118.799547,
        32.061959
      ],
      [
        119.79424,
        31.380206
      ],
      [
        118.760938,
        30.945858
      ],
      [
        118.425286,
        30.693928
      ],
      [
        118.504607,
        31.578864
      ],
      [
        118.359512,
        31.749472
      ]
    ]
  },
  "762": {
    "place": [
      "当涂",
      "溧阳",
      "当涂"
    ],
    "point": [
      [
        118.504607,
        31.578864
      ],
      [
        119.489778,
        31.422349
      ],
      [
        118.504607,
        31.578864
      ]
    ]
  }
}
