{
	"701": {
		"places": ["四川阆中"],
		"points": [
			[106.004943, 31.564637]
		],
		"reign_title": ["长安元年"]
	},

	"705": {
		"places": ["四川阆中"],
		"points": [
			[106.004943, 31.564637]
		],
		"reign_title": ["神龙元年"]
	},

	"715": {
		"places": ["四川阆中"],
		"points": [
			[106.004943, 31.564637]
		],
		"reign_title": ["开元三年"]
	},

	"718": {
		"places": ["四川江油"],
		"points": [
			[104.764485, 31.792477]
		],
		"reign_title": ["开元六年"]
	},

	"724": {
		"places": ["重庆"],
		"points": [
			[106.556712, 29.644862]
		],
		"reign_title": ["开元十二年"]
	},

	"726": {
		"places": ["江苏扬州"],
		"points": [
			[119.407925, 32.401652]
		],
		"reign_title": ["开元十四年"]
	},

	"727": {
		"places": ["湖北安陆"],
		"points": [
			[113.702481, 31.262402]
		],
		"reign_title": ["开元十五年"]
	},

	"728": {
		"places": ["湖北武汉"],
		"points": [
			[114.313886, 30.601451]
		],
		"reign_title": ["开元十六年"]
	},

	"729": {
		"places": ["湖北安陆"],
		"points": [
			[113.702481, 31.262402]
		],
		"reign_title": ["开元十七年"]
	},

	"730": {
		"places": ["西安"],
		"points": [
			[108.956239, 34.345838]
		],
		"reign_title": ["开元十八年"]
	},

	"731": {
		"places": ["河南"],
		"points": [
			[113.668543, 34.751785]
		],
		"reign_title": ["开元十九年"]
	},

	"732": {
		"places": ["湖北随县"],
		"points": [
			[113.347852, 31.858009]
		],
		"reign_title": ["开元二十年"]
	},

	"733": {
		"places": ["湖北安陆"],
		"points": [
			[113.702481, 31.262402]
		],
		"reign_title": ["开元二十一年"]
	},

	"734": {
		"places": ["河南"],
		"points": [
			[113.668543, 34.751785]
		],
		"reign_title": ["开元二十二年"]
	},

	"735": {
		"places": ["西安"],
		"points": [
			[108.956239, 34.345838]
		],
		"reign_title": ["开元二十三年"]
	},

	"744": {
		"places": ["河南", "河南商丘", "山东济南", "清远市连州"],
		"points": [
			[113.668543, 34.751785],
			[115.669923, 34.428778],
			[117.122949, 36.657944],
			[112.366324, 24.790142]
		],
		"reign_title": ["天宝三载"]
	},

	"745": {
		"places": ["山东"],
		"points": [
			[117.122949, 36.657944]
		],
		"reign_title": ["天宝四载"]
	},

	"746": {
		"places": ["安徽马鞍", "浙江嵊州", "江苏溧阳", "江苏绍兴", "江苏南京", "江西庐山"],
		"points": [
			[118.510149, 31.680614],
			[120.841458, 29.569841],
			[119.489778, 31.422103],
			[120.585478, 30.036369],
			[118.798972, 32.064162],
			[116.001082, 29.561544]
		],
		"reign_title": ["天宝三载"]
	},

	"757": {
		"places": ["武汉武昌"],
		"points": [
			[114.323695, 30.560562]
		],
		"reign_title": ["至德二载"]
	},

	"758": {
		"places": ["贵州遵义"],
		"points": [
			[106.936301, 27.73477]
		],
		"reign_title": ["乾元元年"]
	},

	"759": {
		"places": ["湖北武汉"],
		"points": [
			[114.313886, 30.601451]
		],
		"reign_title": ["乾元二年"]
	},

	"761": {
		"places": ["江苏南京"],
		"points": [
			[118.798972, 32.064162]
		],
		"reign_title": ["上元二年"]
	}


}
